{
    "Nom experiment": "1VS1",
    "Metode fake": "pggan_v2",
    "Seed": 42,
    "Num epoques": 20,
    "Batch size": 16,
    "Learning rate": 0.001,
    "Mida imatge": [
        192,
        192
    ],
    "Device": "cuda",
    "Train size": 27946,
    "Val size": 5989,
    "Test size": 5989,
    "Test loss": 0.01220338645412994,
    "Metriques": {
        "accuracy": 0.9968275171147103,
        "precision": 0.9969929836284664,
        "recall": 0.9966599866399466,
        "f1": 0.9968264573242024,
        "auc": 0.9998747634389537
    },
    "Historic": {
        "train_loss": [
            0.421524717930425,
            0.27438304045476963,
            0.18053224658218767,
            0.09536187936365018,
            0.0747178756660165,
            0.05908367540658106,
            0.051805544452604914,
            0.05343278652955589,
            0.044443684858513965,
            0.04135008815302246,
            0.03673918022265014,
            0.03456608953165904,
            0.03127749189373285,
            0.029560951095112982,
            0.029432033205747655,
            0.027657592893101504,
            0.02367184297933545,
            0.022854793308849753,
            0.023063371013113097,
            0.021170441417651682
        ],
        "val_loss": [
            0.28971806820233664,
            0.2030951547672351,
            0.09312613097205757,
            0.1111722412109375,
            0.11342620468465611,
            0.041568791094779345,
            0.03911134311684873,
            0.05330661114212732,
            0.02826221864525481,
            0.024531532445388925,
            0.024143744686696056,
            0.03261509407420287,
            0.022455493295554334,
            0.018917856430068998,
            0.01860677575633239,
            0.013549658903213033,
            0.017014509729591093,
            0.010668644562403946,
            0.013850601749723865,
            0.012351030474902169
        ],
        "val_accuracy": [
            0.8771080313908833,
            0.9084989146769077,
            0.9557522123893806,
            0.9522457839372183,
            0.9517448655869093,
            0.9839706127901152,
            0.9843045583569878,
            0.9802972115545167,
            0.9893137418600768,
            0.9923192519619302,
            0.9904825513441309,
            0.9901486057772583,
            0.9921522791784939,
            0.9936550342294206,
            0.9934880614459843,
            0.9961596259809651,
            0.9941559525797296,
            0.9964935715478377,
            0.9953247620637836,
            0.9968275171147103
        ],
        "val_precision": [
            0.9099818511796733,
            0.9208806329549364,
            0.9895982783357246,
            0.9930833636694576,
            0.976073187895848,
            0.9868995633187773,
            0.9707887049659202,
            0.9891193471608296,
            0.9942664418212479,
            0.9943010392222594,
            0.9939475453934096,
            0.993943472409152,
            0.9851876234364714,
            0.9933266599933267,
            0.9966397849462365,
            0.9966577540106952,
            0.9916943521594684,
            0.993364299933643,
            0.9913878767803909,
            0.9956695536309127
        ],
        "val_recall": [
            0.8370617696160267,
            0.8938230383973289,
            0.9212020033388981,
            0.9108514190317195,
            0.9262103505843072,
            0.9809682804674458,
            0.9986644407345576,
            0.9712854757929883,
            0.9843071786310518,
            0.9903171953255425,
            0.9869782971619365,
            0.9863105175292154,
            0.9993322203672788,
            0.9939899833055091,
            0.9903171953255425,
            0.9956594323873121,
            0.996661101836394,
            0.9996661101836394,
            0.9993322203672788,
            0.9979966611018364
        ],
        "val_f1": [
            0.872,
            0.9071501186038631,
            0.9541760332007608,
            0.9501915708812261,
            0.9504882645194449,
            0.9839249832551908,
            0.9845292955892034,
            0.980121293800539,
            0.9892617449664429,
            0.992305118768819,
            0.9904506617523874,
            0.9901122842299312,
            0.9922095143378087,
            0.9936582109479306,
            0.9934684307486183,
            0.9961583430766661,
            0.9941715237302248,
            0.9965052421367948,
            0.9953441968739608,
            0.9968317492079373
        ],
        "val_auc": [
            0.9569115415025934,
            0.9746916203023743,
            0.9973475052497872,
            0.9977252222865318,
            0.9937178753723362,
            0.9991405180979656,
            0.9995084214059727,
            0.9986289774875293,
            0.9996300893383874,
            0.9996738050391266,
            0.9997631322745658,
            0.9994673821767073,
            0.9997312376561693,
            0.9997155133862605,
            0.9998804509408354,
            0.9999160257075085,
            0.9997875550767645,
            0.9999607450850504,
            0.9998464374491888,
            0.999637226595651
        ]
    }
}