{
    "Nom experiment": "1VS1",
    "Metode fake": "pggan_v1",
    "Seed": 42,
    "Num epoques": 20,
    "Batch size": 16,
    "Learning rate": 0.001,
    "Mida imatge": [
        192,
        192
    ],
    "Device": "cuda",
    "Train size": 27920,
    "Val size": 5983,
    "Test size": 5983,
    "Test loss": 0.004496898363406654,
    "Metriques": {
        "accuracy": 0.9991642988467324,
        "precision": 0.9986639946559787,
        "recall": 0.9996656636576395,
        "f1": 0.9991645781119465,
        "auc": 0.9999477040747912
    },
    "Historic": {
        "train_loss": [
            0.41204057251314036,
            0.2893854928904755,
            0.2100716208110438,
            0.11292844337223093,
            0.06620317089196594,
            0.04185045757632416,
            0.034055872521808556,
            0.031031729289710538,
            0.02653751757958073,
            0.024595290403042647,
            0.021993912174619684,
            0.018902494111997813,
            0.017239432398157714,
            0.018304764643318754,
            0.016552685835343927,
            0.014157489672856906,
            0.012958218184998063,
            0.013899305395139814,
            0.01213718898138635,
            0.010706886639444342
        ],
        "val_loss": [
            0.263417498054192,
            0.22361434507059222,
            0.1177159737805552,
            0.06491624297422262,
            0.042317684765663596,
            0.01993974553477013,
            0.014546634338067842,
            0.012850149300180313,
            0.04146289504847434,
            0.011729682476275923,
            0.014834750617483418,
            0.009761257393317263,
            0.018599672903126866,
            0.02521248865542611,
            0.005887986201885728,
            0.00618971759775591,
            0.006868610603588875,
            0.005798659004144674,
            0.004547395673686053,
            0.00554290626674275
        ],
        "val_accuracy": [
            0.8886846063847568,
            0.9037272271435735,
            0.9547049974928965,
            0.9754303860939328,
            0.9851245194718369,
            0.9934815310045128,
            0.995487213772355,
            0.9956543540030085,
            0.986795921778372,
            0.9958214942336621,
            0.9959886344643155,
            0.9968243356175831,
            0.9953200735417015,
            0.9914758482366706,
            0.9983285976934648,
            0.9986628781547718,
            0.9981614574628113,
            0.9979943172321578,
            0.9981614574628113,
            0.9991642988467324
        ],
        "val_precision": [
            0.9002064693737095,
            0.8889246619446233,
            0.9765323992994746,
            0.9569547060713138,
            0.9723397331597787,
            0.996636394214598,
            0.9959852793576447,
            0.9949933244325768,
            0.9993143640726774,
            0.9946648882960987,
            0.9923689449236894,
            0.9983238350653705,
            0.9966487935656837,
            0.9835580401183821,
            0.9976635514018691,
            0.9976651100733822,
            0.9983283182881979,
            0.9983277591973244,
            0.9979953224189776,
            0.9983316649983317
        ],
        "val_recall": [
            0.8743315508021391,
            0.9227941176470589,
            0.9318181818181818,
            0.9956550802139037,
            0.9986631016042781,
            0.9903074866310161,
            0.9949866310160428,
            0.9963235294117647,
            0.9742647058823529,
            0.9969919786096256,
            0.9996657754010695,
            0.9953208556149733,
            0.9939839572192514,
            0.9996657754010695,
            0.9989973262032086,
            0.9996657754010695,
            0.9979946524064172,
            0.9976604278074866,
            0.9983288770053476,
            1.0
        ],
        "val_f1": [
            0.8870803662258393,
            0.9055428009183338,
            0.9536514451855652,
            0.975921375921376,
            0.9853256389117889,
            0.9934618608549874,
            0.9954857047316502,
            0.9956579826319305,
            0.9866305635471315,
            0.9958270739442497,
            0.996003996003996,
            0.9968200836820084,
            0.9953145917001339,
            0.991546494281452,
            0.9983299933199733,
            0.9986644407345576,
            0.9981614574628113,
            0.9979939819458375,
            0.9981620718462824,
            0.9991651360828185
        ],
        "val_auc": [
            0.9614157758480432,
            0.9710963326700243,
            0.9929284287801015,
            0.9986705884140836,
            0.9995328007194488,
            0.9997895871214356,
            0.9998135002154414,
            0.9998560744622459,
            0.9998687014698283,
            0.9998559627188159,
            0.999772099274651,
            0.99983260834196,
            0.999576268913693,
            0.9996503548077388,
            0.9999215561121869,
            0.9999041241371174,
            0.99989931916963,
            0.9999512798645491,
            0.9999693823001983,
            0.9998979223767559
        ]
    }
}