{
    "Nom experiment": "MESCLA",
    "Metode fake": null,
    "Seed": 42,
    "Num epoques": 20,
    "Batch size": 16,
    "Learning rate": 0.001,
    "Mida imatge": [
        192,
        192
    ],
    "Device": "cuda",
    "Train size": 27999,
    "Val size": 6000,
    "Test size": 6000,
    "Test loss": 0.24363902019460995,
    "Metriques": {
        "accuracy": 0.8936666666666667,
        "precision": 0.9828291087489779,
        "recall": 0.8013333333333333,
        "f1": 0.8828497980168931,
        "auc": 0.9583304444444444
    },
    "Historic": {
        "train_loss": [
            0.5006116352762495,
            0.45038751975553376,
            0.42743272364991053,
            0.41230727323038235,
            0.40388752019405366,
            0.39819132320369993,
            0.38776661766426906,
            0.38150763706224305,
            0.3760650128722191,
            0.37018099454045295,
            0.3627614833201681,
            0.3551521891568388,
            0.34010034460680827,
            0.32763078411774976,
            0.3082173639259168,
            0.2985866745646511,
            0.28705856204458646,
            0.27625154644463745,
            0.27006331879645584,
            0.26377703514695167
        ],
        "val_loss": [
            0.46457806690533954,
            0.44692999227841695,
            0.4222366085847219,
            0.4030542382399241,
            0.3964643828471502,
            0.39685986236731213,
            0.38799505758285524,
            0.3821774569352468,
            0.37618405507008235,
            0.3707778575023015,
            0.3702175805966059,
            0.35581589172283806,
            0.36183209002017974,
            0.3195772258241971,
            0.32614686489105227,
            0.3365706746975581,
            0.29117295732100806,
            0.2654081737001737,
            0.2821002605656783,
            0.25292730592687923
        ],
        "val_accuracy": [
            0.7788333333333334,
            0.7846666666666666,
            0.8043333333333333,
            0.8213333333333334,
            0.8273333333333334,
            0.824,
            0.8286666666666667,
            0.832,
            0.8333333333333334,
            0.8353333333333334,
            0.8386666666666667,
            0.8433333333333334,
            0.8458333333333333,
            0.8595,
            0.868,
            0.867,
            0.8768333333333334,
            0.8863333333333333,
            0.8753333333333333,
            0.8851666666666667
        ],
        "val_precision": [
            0.9039111540318686,
            0.9786995515695067,
            0.9730569948186528,
            0.9326750448833034,
            0.9537892791127541,
            0.9664107485604606,
            0.9681861348528015,
            0.9715909090909091,
            0.9595588235294118,
            0.9597806215722121,
            0.9721189591078067,
            0.9863078375826251,
            0.9226069246435845,
            0.990450204638472,
            0.9876325088339223,
            0.9418138041733547,
            0.9812686249467859,
            0.9865659109991604,
            0.9960352422907489,
            0.9824634655532359
        ],
        "val_recall": [
            0.624,
            0.582,
            0.626,
            0.6926666666666667,
            0.688,
            0.6713333333333333,
            0.6796666666666666,
            0.684,
            0.696,
            0.7,
            0.6973333333333334,
            0.6963333333333334,
            0.755,
            0.726,
            0.7453333333333333,
            0.7823333333333333,
            0.7683333333333333,
            0.7833333333333333,
            0.7536666666666667,
            0.7843333333333333
        ],
        "val_f1": [
            0.7383159140209031,
            0.729933110367893,
            0.761866125760649,
            0.7949502677888294,
            0.7993803253292022,
            0.7922895357985837,
            0.7986682334508421,
            0.8028169014084507,
            0.8068006182380216,
            0.8095605242868157,
            0.812111801242236,
            0.8163345056662759,
            0.8304307974335472,
            0.8378534333525678,
            0.8495440729483282,
            0.8546977421704297,
            0.8618433352028416,
            0.8732813080639168,
            0.8580645161290322,
            0.8722891566265061
        ],
        "val_auc": [
            0.8324983888888888,
            0.8486095555555556,
            0.8571348333333334,
            0.8571408888888887,
            0.8610436666666667,
            0.856600111111111,
            0.8611354444444445,
            0.867657,
            0.8700278333333332,
            0.8771325555555556,
            0.8824513333333334,
            0.8976529444444444,
            0.9019394444444445,
            0.9205137777777779,
            0.9197097777777778,
            0.924353388888889,
            0.9399821111111111,
            0.9492762222222222,
            0.945804611111111,
            0.9545853333333334
        ]
    }
}