{
    "Nom experiment": "FFHQ_FACEAPP",
    "Metode fake": "faceapp",
    "Seed": 42,
    "Num epoques": 20,
    "Batch size": 16,
    "Learning rate": 0.001,
    "Mida imatge": [
        192,
        192
    ],
    "Device": "cuda",
    "Train size": 12618,
    "Val size": 1998,
    "Test size": 9002,
    "Test loss": 0.42953611775359296,
    "Metriques": {
        "accuracy": 0.7997111752943791,
        "precision": 0.8821529745042493,
        "recall": 0.6918462563874694,
        "f1": 0.7754949570414643,
        "auc": 0.8875312509239719
    },
    "Historic": {
        "train_loss": [
            0.580549398359237,
            0.5288514552876372,
            0.5217935064257475,
            0.5207182703815939,
            0.5132499999344273,
            0.5117026399372497,
            0.5090134377261984,
            0.4988570393491607,
            0.48704358485866106,
            0.4786673759892866,
            0.4753388309584522,
            0.4744881960375681,
            0.47045992248714047,
            0.462658493143373,
            0.46879907158240014,
            0.4651651086122817,
            0.4584764470883346,
            0.45461973451616194,
            0.4558046928716703,
            0.44942247518190714
        ],
        "val_loss": [
            0.5158114676475525,
            0.5028857741355895,
            0.5272978599071503,
            0.4978651769161224,
            0.4934675669670105,
            0.501627628326416,
            0.48791980361938475,
            0.4866684571504593,
            0.4645873386859894,
            0.4575949437618256,
            0.48355555021762847,
            0.4665016040802002,
            0.43849158227443696,
            0.4369853056669235,
            0.44311059546470644,
            0.4370960935354233,
            0.43183070099353793,
            0.42948275279998777,
            0.4372465161085129,
            0.42709544467926025
        ],
        "val_accuracy": [
            0.7542542542542543,
            0.7617617617617618,
            0.7212212212212212,
            0.7632632632632632,
            0.7692692692692693,
            0.7512512512512513,
            0.7652652652652653,
            0.7787787787787788,
            0.7737737737737738,
            0.7892892892892893,
            0.7607607607607607,
            0.7757757757757757,
            0.7947947947947948,
            0.8043043043043043,
            0.7977977977977978,
            0.7937937937937938,
            0.8008008008008008,
            0.7997997997997998,
            0.8023023023023023,
            0.7987987987987988
        ],
        "val_precision": [
            0.8135802469135802,
            0.798175598631699,
            0.6796747967479675,
            0.7803837953091685,
            0.8099078341013825,
            0.7328385899814471,
            0.7807203389830508,
            0.8830811554332875,
            0.7602283539486203,
            0.7967145790554415,
            0.7187237615449202,
            0.7453250222617988,
            0.802672147995889,
            0.82,
            0.8014184397163121,
            0.8243093922651934,
            0.8227712137486574,
            0.8237837837837838,
            0.8087934560327198,
            0.8689740420271941
        ],
        "val_recall": [
            0.6596596596596597,
            0.7007007007007007,
            0.8368368368368369,
            0.7327327327327328,
            0.7037037037037037,
            0.7907907907907908,
            0.7377377377377378,
            0.6426426426426426,
            0.7997997997997998,
            0.7767767767767768,
            0.8568568568568569,
            0.8378378378378378,
            0.7817817817817818,
            0.7797797797797797,
            0.7917917917917918,
            0.7467467467467468,
            0.7667667667667668,
            0.7627627627627628,
            0.7917917917917918,
            0.7037037037037037
        ],
        "val_f1": [
            0.728579325594251,
            0.746268656716418,
            0.7501121579183491,
            0.7558079504388229,
            0.7530798071772897,
            0.7607125662012518,
            0.7586206896551724,
            0.7439165701042874,
            0.7795121951219512,
            0.7866193613786112,
            0.7817351598173516,
            0.7888784165881244,
            0.7920892494929006,
            0.7993842996408415,
            0.796576032225579,
            0.7836134453781513,
            0.7937823834196891,
            0.7920997920997921,
            0.8002023267577137,
            0.7776548672566371
        ],
        "val_auc": [
            0.8095142189236283,
            0.8174981788595402,
            0.8280101923745566,
            0.839885430976522,
            0.8465632799967134,
            0.8472376280184089,
            0.8517366215063914,
            0.8510562614666718,
            0.8632596560524488,
            0.8666283901519136,
            0.8691374056739423,
            0.8686143601058517,
            0.8770852935017099,
            0.8771784797810823,
            0.8740211683154626,
            0.8773798823848874,
            0.8790572354135919,
            0.8800221643064485,
            0.8800201603004407,
            0.8848097346595846
        ]
    }
}