{
    "Nom experiment": "1VS1",
    "Metode fake": "stargan",
    "Seed": 42,
    "Num epoques": 20,
    "Batch size": 16,
    "Learning rate": 0.001,
    "Mida imatge": [
        192,
        192
    ],
    "Device": "cuda",
    "Train size": 27999,
    "Val size": 6000,
    "Test size": 6000,
    "Test loss": 0.00013149155778304097,
    "Metriques": {
        "accuracy": 1.0,
        "precision": 1.0,
        "recall": 1.0,
        "f1": 1.0,
        "auc": 1.0
    },
    "Historic": {
        "train_loss": [
            0.012086641816016416,
            0.0017473708186160916,
            0.0018081126446159329,
            0.0015618340573567008,
            0.0016882698518933248,
            0.0012041119406808849,
            0.0019377008495410093,
            0.0011119931801912217,
            0.0013368132815314681,
            0.0013452107665045566,
            0.0015400588856983902,
            0.0009161767964790136,
            0.001481181851487894,
            0.0009849003091238321,
            0.0012226585281390054,
            0.002226539340387131,
            0.0013074239194858072,
            0.0011302681172164174,
            0.0031862367479366083,
            0.0009345279961852889
        ],
        "val_loss": [
            1.6150989458670513e-07,
            2.1785844146542387e-06,
            3.3726937283162785e-07,
            2.558278024572758e-06,
            2.8426281904055867e-05,
            6.399950609312792e-06,
            0.00012109174844348066,
            3.135941560147633e-05,
            5.22368396368004e-06,
            3.2151956805440325e-06,
            0.00010863994586179616,
            3.5982451266818316e-06,
            8.20393742020921e-05,
            9.373353725313413e-08,
            2.4107621835052364e-05,
            5.438672102930771e-06,
            5.315971611344139e-05,
            0.005885600201000966,
            3.916642417719866e-06,
            0.00011300095468019814
        ],
        "val_accuracy": [
            1.0,
            1.0,
            1.0,
            1.0,
            1.0,
            1.0,
            1.0,
            1.0,
            1.0,
            1.0,
            1.0,
            1.0,
            1.0,
            1.0,
            1.0,
            1.0,
            1.0,
            0.9991666666666666,
            1.0,
            1.0
        ],
        "val_precision": [
            1.0,
            1.0,
            1.0,
            1.0,
            1.0,
            1.0,
            1.0,
            1.0,
            1.0,
            1.0,
            1.0,
            1.0,
            1.0,
            1.0,
            1.0,
            1.0,
            1.0,
            0.9983361064891847,
            1.0,
            1.0
        ],
        "val_recall": [
            1.0,
            1.0,
            1.0,
            1.0,
            1.0,
            1.0,
            1.0,
            1.0,
            1.0,
            1.0,
            1.0,
            1.0,
            1.0,
            1.0,
            1.0,
            1.0,
            1.0,
            1.0,
            1.0,
            1.0
        ],
        "val_f1": [
            1.0,
            1.0,
            1.0,
            1.0,
            1.0,
            1.0,
            1.0,
            1.0,
            1.0,
            1.0,
            1.0,
            1.0,
            1.0,
            1.0,
            1.0,
            1.0,
            1.0,
            0.9991673605328892,
            1.0,
            1.0
        ],
        "val_auc": [
            1.0,
            1.0,
            1.0,
            1.0,
            1.0,
            1.0,
            1.0,
            1.0,
            1.0,
            1.0,
            1.0,
            1.0,
            1.0,
            1.0,
            1.0,
            1.0,
            1.0,
            1.0,
            1.0,
            1.0
        ]
    }
}