{
    "Nom experiment": "1VS1",
    "Metode fake": "stylegan_celeba",
    "Seed": 42,
    "Num epoques": 20,
    "Batch size": 16,
    "Learning rate": 0.001,
    "Mida imatge": [
        192,
        192
    ],
    "Device": "cuda",
    "Train size": 27999,
    "Val size": 6000,
    "Test size": 6000,
    "Test loss": 0.0205524844712063,
    "Metriques": {
        "accuracy": 0.9921666666666666,
        "precision": 0.9848932676518883,
        "recall": 0.9996666666666667,
        "f1": 0.9922249793217535,
        "auc": 0.9999244444444445
    },
    "Historic": {
        "train_loss": [
            0.30689253171586567,
            0.14354031234713538,
            0.10824012664585773,
            0.07562311316251621,
            0.06598025690168807,
            0.05837449449166473,
            0.05276614488558178,
            0.04921321945883392,
            0.045975729970477656,
            0.04433805965629472,
            0.038783274002098814,
            0.03880156097921632,
            0.034936992902033,
            0.034815639244734874,
            0.03165774527614027,
            0.03504969798404896,
            0.03069450616462895,
            0.029134108912668426,
            0.026044379900932915,
            0.026303417040613827
        ],
        "val_loss": [
            0.16422868871192137,
            0.13158728641985606,
            0.06759707034565508,
            0.09627382231953864,
            0.048778233392784996,
            0.04216248213581275,
            0.07560556900380955,
            0.06464931405054813,
            0.03329130324834841,
            0.13235119833269468,
            0.028063736944051926,
            0.024363381442051225,
            0.07405597153204387,
            0.025047737330800676,
            0.023423844322474907,
            0.028988797605027986,
            0.048977081766344785,
            0.02756189900371343,
            0.018508769502361248,
            0.025806496298615988
        ],
        "val_accuracy": [
            0.9441666666666667,
            0.9525,
            0.9776666666666667,
            0.9676666666666667,
            0.9831666666666666,
            0.9861666666666666,
            0.9678333333333333,
            0.9758333333333333,
            0.9911666666666666,
            0.9428333333333333,
            0.9926666666666667,
            0.993,
            0.976,
            0.9931666666666666,
            0.9931666666666666,
            0.9898333333333333,
            0.9826666666666667,
            0.992,
            0.9941666666666666,
            0.9928333333333333
        ],
        "val_precision": [
            0.9615517838586768,
            0.9881337648327939,
            0.9748177601060305,
            0.9420289855072463,
            0.9814015277316506,
            0.9802436615080672,
            0.9919383105502979,
            0.9903813122638269,
            0.9877523998675936,
            0.8973975471133713,
            0.9897282968853546,
            0.9894109861019192,
            0.9541984732824428,
            0.9907131011608623,
            0.9920186232125041,
            0.9936177359758146,
            0.966795615731786,
            0.9933155080213903,
            0.9920345170925987,
            0.9874711506758984
        ],
        "val_recall": [
            0.9253333333333333,
            0.916,
            0.9806666666666667,
            0.9966666666666667,
            0.985,
            0.9923333333333333,
            0.9433333333333334,
            0.961,
            0.9946666666666667,
            1.0,
            0.9956666666666667,
            0.9966666666666667,
            1.0,
            0.9956666666666667,
            0.9943333333333333,
            0.986,
            0.9996666666666667,
            0.9906666666666667,
            0.9963333333333333,
            0.9983333333333333
        ],
        "val_f1": [
            0.9430949549855614,
            0.9507005708354956,
            0.9777334662678631,
            0.9685779073534175,
            0.9831974713026119,
            0.9862514493953951,
            0.9670254570305826,
            0.9754694637117239,
            0.9911974755024082,
            0.9459246413369068,
            0.9926886008640744,
            0.993025572899369,
            0.9765625,
            0.9931837073981712,
            0.9931746295988014,
            0.9897942111427137,
            0.9829564077351688,
            0.9919893190921228,
            0.9941792782305006,
            0.9928725343941655
        ],
        "val_auc": [
            0.9868026666666667,
            0.994231888888889,
            0.9974544444444444,
            0.9977218888888889,
            0.998342,
            0.998759,
            0.9987427777777779,
            0.9985551111111112,
            0.9989413333333333,
            0.9987538888888888,
            0.9992252222222222,
            0.9994056666666667,
            0.9992593333333335,
            0.9994270000000001,
            0.9995040000000001,
            0.9995204444444444,
            0.9994937777777778,
            0.9994742222222223,
            0.9996735555555556,
            0.9996626111111111
        ]
    }
}