{
    "Nom experiment": "1VS1",
    "Metode fake": "stylegan_ffhq",
    "Seed": 42,
    "Num epoques": 20,
    "Batch size": 16,
    "Learning rate": 0.001,
    "Mida imatge": [
        192,
        192
    ],
    "Device": "cuda",
    "Train size": 27994,
    "Val size": 5999,
    "Test size": 5999,
    "Test loss": 0.693163669427236,
    "Metriques": {
        "accuracy": 0.4999166527754626,
        "precision": 0.4999166527754626,
        "recall": 1.0,
        "f1": 0.6665925761280285,
        "auc": 0.5
    },
    "Historic": {
        "train_loss": [
            0.6933374242101397,
            0.693197148833956,
            0.6932327915940966,
            0.693238441671644,
            0.693230160508837,
            0.6932235061100551,
            0.6932054877621787,
            0.6932328900950295,
            0.69318756209101,
            0.6931165471758162,
            0.6932864377839225,
            0.6932202790805272,
            0.693199622120176,
            0.6931937300818307,
            0.6932039342267172,
            0.6931769680295672,
            0.6932032023838588,
            0.6932049582004547,
            0.693172633273261,
            0.6931954679489136
        ],
        "val_loss": [
            0.6931562527020773,
            0.6931731211344401,
            0.6932346889177958,
            0.6931508167584737,
            0.693350868066152,
            0.6931472980181376,
            0.6931535795529683,
            0.6931479671796162,
            0.6931490233739217,
            0.6933852769533793,
            0.6931867125829061,
            0.6931475683848063,
            0.6931477063496908,
            0.6931506450970968,
            0.6931528261502584,
            0.6931948730150859,
            0.6931536900202433,
            0.6931478567123414,
            0.6932076482772828,
            0.6931614514986674
        ],
        "val_accuracy": [
            0.5000833472245374,
            0.5000833472245374,
            0.4999166527754626,
            0.4999166527754626,
            0.4999166527754626,
            0.5000833472245374,
            0.4999166527754626,
            0.5000833472245374,
            0.5000833472245374,
            0.4999166527754626,
            0.4999166527754626,
            0.4999166527754626,
            0.4999166527754626,
            0.4999166527754626,
            0.4999166527754626,
            0.4999166527754626,
            0.5000833472245374,
            0.4999166527754626,
            0.5000833472245374,
            0.5000833472245374
        ],
        "val_precision": [
            0.5000833472245374,
            0.5000833472245374,
            0.0,
            0.0,
            0.0,
            0.5000833472245374,
            0.0,
            0.5000833472245374,
            0.5000833472245374,
            0.0,
            0.0,
            0.0,
            0.0,
            0.0,
            0.0,
            0.0,
            0.5000833472245374,
            0.0,
            0.5000833472245374,
            0.5000833472245374
        ],
        "val_recall": [
            1.0,
            1.0,
            0.0,
            0.0,
            0.0,
            1.0,
            0.0,
            1.0,
            1.0,
            0.0,
            0.0,
            0.0,
            0.0,
            0.0,
            0.0,
            0.0,
            1.0,
            0.0,
            1.0,
            1.0
        ],
        "val_f1": [
            0.666740748972108,
            0.666740748972108,
            0.0,
            0.0,
            0.0,
            0.666740748972108,
            0.0,
            0.666740748972108,
            0.666740748972108,
            0.0,
            0.0,
            0.0,
            0.0,
            0.0,
            0.0,
            0.0,
            0.666740748972108,
            0.0,
            0.666740748972108,
            0.666740748972108
        ],
        "val_auc": [
            0.5073983550072246,
            0.5207921529398688,
            0.5346447704790486,
            0.5,
            0.5059403690118929,
            0.508445315105035,
            0.5,
            0.5,
            0.5,
            0.5,
            0.5,
            0.5,
            0.5,
            0.5,
            0.5,
            0.5,
            0.5,
            0.5,
            0.5,
            0.5
        ]
    }
}